rank,player_name,dg_id,lead_in_z,lead_in_raw,predictors_found,top_course,tournament,as_of_date
1,"Crowe, Trace",27780,4.601,1.0646,4,Lakewood National Golf Club - Commander Course,Charles Schwab Challenge,2026-05-28
2,"Peterson, Paul",16341,3.013,0.7117,5,The Landings Golf & Athletic Club - Deer Creek,Charles Schwab Challenge,2026-05-28
3,"Griffin, Lanto",15330,2.512,0.6005,5,The Landings Golf & Athletic Club - Deer Creek,Charles Schwab Challenge,2026-05-28
4,"Blair, Zac",17639,2.189,0.5286,6,Lakewood National Golf Club - Commander Course,Charles Schwab Challenge,2026-05-28
5,"Ewart, A.J.",21883,1.507,0.377,3,Sawgrass Country Club,Charles Schwab Challenge,2026-05-28
6,"Springer, Hayden",21995,1.5,0.3756,6,Lakewood National Golf Club - Commander Course,Charles Schwab Challenge,2026-05-28
7,"Rozo, Marcelo",16591,1.459,0.3664,3,Sawgrass Country Club,Charles Schwab Challenge,2026-05-28
8,"Bradley, Keegan",13872,1.138,0.2951,2,Albany GC,Charles Schwab Challenge,2026-05-28
9,"Wu, Dylan",25002,1.131,0.2934,3,Sawgrass Country Club,Charles Schwab Challenge,2026-05-28
10,"Moore, Taylor",21944,1.124,0.292,4,Sawgrass Country Club,Charles Schwab Challenge,2026-05-28
11,"Horschel, Billy",11276,1.051,0.2757,3,Albany GC,Charles Schwab Challenge,2026-05-28
12,"McCarty, Matt",28635,1.004,0.2652,3,Quail Hollow Club,Charles Schwab Challenge,2026-05-28
13,"Fowler, Rickie",12965,0.93,0.2487,1,Quail Hollow Club,Charles Schwab Challenge,2026-05-28
14,"Stanger, Jimmy",23048,0.899,0.242,2,TPC Louisiana,Charles Schwab Challenge,2026-05-28
15,"Tosti, Alejandro",17032,0.884,0.2386,3,Sawgrass Country Club,Charles Schwab Challenge,2026-05-28
16,"Im, Sungjae",17488,0.854,0.2319,1,Quail Hollow Club,Charles Schwab Challenge,2026-05-28
17,"Hardy, Nick",19865,0.724,0.203,4,Silverado Resort (North Course),Charles Schwab Challenge,2026-05-28
18,"Putnam, Andrew",14704,0.717,0.2015,4,TPC Louisiana,Charles Schwab Challenge,2026-05-28
19,"MacIntyre, Robert",23323,0.714,0.2009,2,Albany GC,Charles Schwab Challenge,2026-05-28
20,"Skinns, David",10873,0.686,0.1946,4,Lakewood National Golf Club - Commander Course,Charles Schwab Challenge,2026-05-28
21,"Spaun, J.J.",17536,0.686,0.1947,3,Quail Hollow Club,Charles Schwab Challenge,2026-05-28
22,"Smotherman, Austin",22985,0.648,0.1862,2,Quail Hollow Club,Charles Schwab Challenge,2026-05-28
23,"Ventura, Kris",15651,0.613,0.1784,3,Silverado Resort (North Course),Charles Schwab Challenge,2026-05-28
24,"Hall, Harry",27194,0.574,0.1698,1,Quail Hollow Club,Charles Schwab Challenge,2026-05-28
25,"Dou, Zecheng",16757,0.554,0.1653,2,TPC Louisiana,Charles Schwab Challenge,2026-05-28
26,"Greyserman, Max",23465,0.516,0.1569,3,TPC Louisiana,Charles Schwab Challenge,2026-05-28
27,"Pavon, Matthieu",19960,0.469,0.1463,2,TPC Louisiana,Charles Schwab Challenge,2026-05-28
28,"Bauchou, Zach",19846,0.437,0.1393,2,TPC Louisiana,Charles Schwab Challenge,2026-05-28
29,"Castillo, Ricky",27819,0.437,0.1393,3,Sawgrass Country Club,Charles Schwab Challenge,2026-05-28
30,"Lebioda, Hank",21943,0.403,0.1317,2,Dunes Golf and Beach Club,Charles Schwab Challenge,2026-05-28
31,"Aberg, Ludvig",23950,0.382,0.1271,1,Quail Hollow Club,Charles Schwab Challenge,2026-05-28
32,"Woodland, Gary",12577,0.373,0.1251,2,Quail Hollow Club,Charles Schwab Challenge,2026-05-28
33,"Grillo, Emiliano",12808,0.365,0.1234,2,Silverado Resort (North Course),Charles Schwab Challenge,2026-05-28
34,"Dumont De Chassart, Adrien",22002,0.349,0.1197,2,Dunes Golf and Beach Club,Charles Schwab Challenge,2026-05-28
35,"Yellamaraju, Sudarshan",29925,0.342,0.1181,2,Quail Hollow Club,Charles Schwab Challenge,2026-05-28
36,"Meissner, Mac",28159,0.323,0.1139,3,TPC Louisiana,Charles Schwab Challenge,2026-05-28
37,"Eckroat, Austin",26653,0.303,0.1094,3,Dunes Golf and Beach Club,Charles Schwab Challenge,2026-05-28
38,"Dunlap, Nick",28270,0.298,0.1085,2,TPC Louisiana,Charles Schwab Challenge,2026-05-28
39,"Rodgers, Patrick",16283,0.297,0.1082,1,Quail Hollow Club,Charles Schwab Challenge,2026-05-28
40,"Ghim, Doug",24550,0.276,0.1036,4,TPC Louisiana,Charles Schwab Challenge,2026-05-28
41,"Snedeker, Brandt",8820,0.272,0.1026,3,Silverado Resort (North Course),Charles Schwab Challenge,2026-05-28
42,"Thorbjornsen, Michael",26649,0.269,0.1018,2,Silverado Resort (North Course),Charles Schwab Challenge,2026-05-28
43,"Brown, Dan",20766,0.262,0.1003,2,Dunes Golf and Beach Club,Charles Schwab Challenge,2026-05-28
44,"Jaeger, Stephan",16394,0.245,0.0966,2,Dunes Golf and Beach Club,Charles Schwab Challenge,2026-05-28
45,"Hisatsune, Ryo",22760,0.239,0.0953,2,Silverado Resort (North Course),Charles Schwab Challenge,2026-05-28
46,"Finau, Tony",11676,0.188,0.0839,2,Quail Hollow Club,Charles Schwab Challenge,2026-05-28
47,"Coody, Pierceson",28309,0.176,0.0813,1,Quail Hollow Club,Charles Schwab Challenge,2026-05-28
48,"Kirk, Chris",12423,0.166,0.0791,1,TPC Louisiana,Charles Schwab Challenge,2026-05-28
49,"Palmer, Ryan",7820,0.143,0.074,2,Silverado Resort (North Course),Charles Schwab Challenge,2026-05-28
50,"Kizzire, Patton",13470,0.142,0.0736,3,Silverado Resort (North Course),Charles Schwab Challenge,2026-05-28
51,"Hoffman, Charley",5768,0.138,0.0728,1,TPC Louisiana,Charles Schwab Challenge,2026-05-28
52,"Smalley, Alex",18474,0.137,0.0727,3,Quail Hollow Club,Charles Schwab Challenge,2026-05-28
53,"Poston, J.T.",21554,0.135,0.0721,1,Quail Hollow Club,Charles Schwab Challenge,2026-05-28
54,"Echavarria, Nico",22833,0.091,0.0624,2,Quail Hollow Club,Charles Schwab Challenge,2026-05-28
55,"Kang, Jeffrey",21889,0.091,0.0625,2,TPC Louisiana,Charles Schwab Challenge,2026-05-28
56,"Lipsky, David",15980,0.088,0.0618,3,Quail Hollow Club,Charles Schwab Challenge,2026-05-28
57,"Glover, Lucas",7399,0.078,0.0595,1,Quail Hollow Club,Charles Schwab Challenge,2026-05-28
58,"Phillips, Chandler",27164,0.077,0.0593,3,Dunes Golf and Beach Club,Charles Schwab Challenge,2026-05-28
59,"Kuchar, Matt",6169,0.076,0.0591,3,Dunes Golf and Beach Club,Charles Schwab Challenge,2026-05-28
60,"Homa, Max",17538,0.066,0.0568,2,Silverado Resort (North Course),Charles Schwab Challenge,2026-05-28
61,"Mouw, William",29770,0.031,0.049,1,TPC Louisiana,Charles Schwab Challenge,2026-05-28
62,"Ryder, Sam",16715,0.02,0.0466,4,Sawgrass Country Club,Charles Schwab Challenge,2026-05-28
63,"Blanchet, Chandler",24956,0.01,0.0445,2,TPC Louisiana,Charles Schwab Challenge,2026-05-28
64,"Fisk, Steven",26657,-0.013,0.0392,2,Silverado Resort (North Course),Charles Schwab Challenge,2026-05-28
65,"Higgo, Garrick",24342,-0.026,0.0365,3,Silverado Resort (North Course),Charles Schwab Challenge,2026-05-28
66,"Hubbard, Mark",16333,-0.031,0.0352,3,TPC Louisiana,Charles Schwab Challenge,2026-05-28
67,"Whaley, Vince",25908,-0.037,0.0339,3,TPC Louisiana,Charles Schwab Challenge,2026-05-28
68,"Cole, Eric",21756,-0.06,0.0288,3,TPC Louisiana,Charles Schwab Challenge,2026-05-28
69,"Keefer, Johnny",32457,-0.067,0.0272,2,TPC Louisiana,Charles Schwab Challenge,2026-05-28
70,"Ramey, Chad",19840,-0.069,0.0268,3,Silverado Resort (North Course),Charles Schwab Challenge,2026-05-28
71,"Hodges, Lee",25157,-0.103,0.0194,2,TPC Louisiana,Charles Schwab Challenge,2026-05-28
72,"Riley, Davis",19872,-0.121,0.0153,2,Dunes Golf and Beach Club,Charles Schwab Challenge,2026-05-28
73,"Hoey, Rico",23504,-0.125,0.0144,3,Silverado Resort (North Course),Charles Schwab Challenge,2026-05-28
74,"Vilips, Karl",24304,-0.128,0.0138,3,TPC Louisiana,Charles Schwab Challenge,2026-05-28
75,"Hojgaard, Rasmus",23838,-0.141,0.0108,1,Dunes Golf and Beach Club,Charles Schwab Challenge,2026-05-28
76,"Villegas, Camilo",9171,-0.156,0.0075,5,Sawgrass Country Club,Charles Schwab Challenge,2026-05-28
77,"Smith, Jordan",18586,-0.182,0.0017,1,TPC Louisiana,Charles Schwab Challenge,2026-05-28
78,"Davis, Cam",17786,-0.197,-0.0016,2,TPC Louisiana,Charles Schwab Challenge,2026-05-28
79,"Henley, Russell",14578,-0.199,-0.002,1,Silverado Resort (North Course),Charles Schwab Challenge,2026-05-28
80,"Hossler, Beau",15470,-0.202,-0.0028,3,TPC Louisiana,Charles Schwab Challenge,2026-05-28
81,"Lamprecht, Christo",24343,-0.202,-0.0027,2,Dunes Golf and Beach Club,Charles Schwab Challenge,2026-05-28
82,"Li, Haotong",15310,-0.204,-0.0032,2,Dunes Golf and Beach Club,Charles Schwab Challenge,2026-05-28
83,"Chatfield, Davis",30620,-0.277,-0.0194,2,TPC Louisiana,Charles Schwab Challenge,2026-05-28
84,"Thompson, Davis",27364,-0.297,-0.0239,3,TPC Louisiana,Charles Schwab Challenge,2026-05-28
85,"Kim, Michael",17543,-0.299,-0.0243,1,Quail Hollow Club,Charles Schwab Challenge,2026-05-28
86,"VanDerLaan, John",25319,-0.312,-0.0271,2,Dunes Golf and Beach Club,Charles Schwab Challenge,2026-05-28
87,"Svensson, Adam",13997,-0.318,-0.0285,4,Sawgrass Country Club,Charles Schwab Challenge,2026-05-28
88,"Brennan, Michael",29197,-0.321,-0.0291,1,TPC Louisiana,Charles Schwab Challenge,2026-05-28
89,"Bezuidenhout, Christiaan",18103,-0.322,-0.0293,2,TPC Louisiana,Charles Schwab Challenge,2026-05-28
90,"Olesen, Thorbjorn",13412,-0.326,-0.0303,1,Silverado Resort (North Course),Charles Schwab Challenge,2026-05-28
91,"Kanaya, Takumi",19729,-0.354,-0.0365,3,TPC Louisiana,Charles Schwab Challenge,2026-05-28
92,"Thomas, Justin",14139,-0.373,-0.0408,2,Quail Hollow Club,Charles Schwab Challenge,2026-05-28
93,"Yu, Kevin",17881,-0.387,-0.0438,2,Dunes Golf and Beach Club,Charles Schwab Challenge,2026-05-28
94,"Neergaard-Petersen, Rasmus",23841,-0.41,-0.049,2,TPC Louisiana,Charles Schwab Challenge,2026-05-28
95,"Highsmith, Joe",28469,-0.417,-0.0505,2,Dunes Golf and Beach Club,Charles Schwab Challenge,2026-05-28
96,"Griffin, Ben",24968,-0.426,-0.0526,3,Silverado Resort (North Course),Charles Schwab Challenge,2026-05-28
97,"Nyholm, Pontus",25475,-0.464,-0.0609,2,Dunes Golf and Beach Club,Charles Schwab Challenge,2026-05-28
98,"Hughes, Mackenzie",15556,-0.484,-0.0654,3,Silverado Resort (North Course),Charles Schwab Challenge,2026-05-28
99,"Van Rooyen, Erik",17550,-0.501,-0.0692,2,TPC Louisiana,Charles Schwab Challenge,2026-05-28
100,"Clanton, Luke",32330,-0.504,-0.0698,3,TPC Louisiana,Charles Schwab Challenge,2026-05-28
101,"Hirata, Kensei",20954,-0.526,-0.0747,2,TPC Louisiana,Charles Schwab Challenge,2026-05-28
102,"Schenk, Adam",19477,-0.55,-0.0801,3,TPC Louisiana,Charles Schwab Challenge,2026-05-28
103,"Fishburn, Patrick",25094,-0.562,-0.0827,3,Silverado Resort (North Course),Charles Schwab Challenge,2026-05-28
104,"Shipley, Neal",32055,-0.592,-0.0894,2,Dunes Golf and Beach Club,Charles Schwab Challenge,2026-05-28
105,"Matsuyama, Hideki",13562,-0.625,-0.0968,2,Albany GC,Charles Schwab Challenge,2026-05-28
106,"Streelman, Kevin",8480,-0.636,-0.0991,3,Dunes Golf and Beach Club,Charles Schwab Challenge,2026-05-28
107,"McGreevy, Max",23505,-0.658,-0.1041,3,Dunes Golf and Beach Club,Charles Schwab Challenge,2026-05-28
108,"Roy, Kevin",18424,-0.688,-0.1108,3,Dunes Golf and Beach Club,Charles Schwab Challenge,2026-05-28
109,"Parry, John",13764,-0.7,-0.1135,2,Dunes Golf and Beach Club,Charles Schwab Challenge,2026-05-28
110,"Dahmen, Joel",14509,-0.737,-0.1217,3,Silverado Resort (North Course),Charles Schwab Challenge,2026-05-28
111,"Nakajima, Keita",21074,-0.744,-0.1231,2,Dunes Golf and Beach Club,Charles Schwab Challenge,2026-05-28
112,"Theegala, Sahith",23014,-0.752,-0.125,3,Silverado Resort (North Course),Charles Schwab Challenge,2026-05-28
113,"Walker, Danny",25003,-0.757,-0.126,3,Dunes Golf and Beach Club,Charles Schwab Challenge,2026-05-28
114,"Mitchell, Keith",17365,-0.758,-0.1264,2,TPC Louisiana,Charles Schwab Challenge,2026-05-28
115,"Campbell, Brian",18628,-0.821,-0.1403,2,Quail Hollow Club,Charles Schwab Challenge,2026-05-28
116,"Novak, Andrew",23475,-0.882,-0.1538,3,Quail Hollow Club,Charles Schwab Challenge,2026-05-28
117,"Gerard, Ryan",29767,-0.991,-0.178,2,TPC Louisiana,Charles Schwab Challenge,2026-05-28
118,"Garnett, Brice",11451,-0.995,-0.179,3,TPC Louisiana,Charles Schwab Challenge,2026-05-28
119,"Kohles, Ben",16395,-1.036,-0.188,6,Sawgrass Country Club,Charles Schwab Challenge,2026-05-28
120,"Power, Seamus",10104,-1.107,-0.2038,3,Dunes Golf and Beach Club,Charles Schwab Challenge,2026-05-28
121,"Stevens, Sam",25569,-1.112,-0.2049,2,TPC Louisiana,Charles Schwab Challenge,2026-05-28
122,"Simpson, Webb",11049,-1.117,-0.2061,2,Quail Hollow Club,Charles Schwab Challenge,2026-05-28
123,"Kim, Tom",24766,-1.193,-0.2229,3,TPC Louisiana,Charles Schwab Challenge,2026-05-28
124,"Bhatia, Akshay",26096,-1.238,-0.233,3,Silverado Resort (North Course),Charles Schwab Challenge,2026-05-28
125,"Hoge, Tom",15575,-1.532,-0.2983,3,TPC Louisiana,Charles Schwab Challenge,2026-05-28
126,"Harman, Brian",8825,-2.214,-0.4498,2,Quail Hollow Club,Charles Schwab Challenge,2026-05-28
127,"Suber, Jackson",29279,-2.366,-0.4836,4,TPC Louisiana,Charles Schwab Challenge,2026-05-28
128,"Martin, Ben",14007,-5.475,-1.1747,6,Sawgrass Country Club,Charles Schwab Challenge,2026-05-28
