rank,player_name,dg_id,sg_ott_z,sg_app_z,sg_arg_z,sg_putt_z,sg_total_z,tournament,as_of_date
1,"Young, Cameron",26651,0.955,-0.268,0.157,1.497,2.681,The Memorial,2026-06-02
2,"Smalley, Alex",18474,1.502,2.782,0.427,1.347,2.399,The Memorial,2026-06-02
3,"Spaun, J.J.",17536,0.474,-0.219,0.156,1.579,2.161,The Memorial,2026-06-02
4,"Kim, Michael",17543,0.316,-0.204,0.677,-0.475,2.052,The Memorial,2026-06-02
5,"Scott, Adam",6430,1.792,0.136,0.306,-0.201,1.841,The Memorial,2026-06-02
6,"Reitan, Kristoffer",21407,-0.085,0.385,,2.528,1.765,The Memorial,2026-06-02
7,"Kim, Si Woo",14609,0.808,-0.258,0.771,-2.212,1.707,The Memorial,2026-06-02
8,"Griffin, Ben",24968,0.65,-0.471,0.231,-1.748,1.599,The Memorial,2026-06-02
9,"Cauley, Bud",14502,0.566,-0.073,0.121,1.462,1.393,The Memorial,2026-06-02
10,"Taylor, Nick",13126,0.647,0.033,0.184,1.832,1.374,The Memorial,2026-06-02
11,"Fitzpatrick, Alex",25362,0.526,0.46,,2.225,1.346,The Memorial,2026-06-02
12,"Kitayama, Kurt",21891,0.399,0.116,-0.895,0.236,1.086,The Memorial,2026-06-02
13,"Poston, J.T.",21554,0.648,0.441,-0.362,-0.633,1.077,The Memorial,2026-06-02
14,"Woodland, Gary",12577,2.439,0.082,-0.863,0.012,0.927,The Memorial,2026-06-02
15,"McCarty, Matt",28635,0.369,-0.178,,1.231,0.892,The Memorial,2026-06-02
16,"Thomas, Justin",14139,0.181,0.034,0.031,0.706,0.844,The Memorial,2026-06-02
17,"Knapp, Jake",19396,1.594,0.193,,,0.726,The Memorial,2026-06-02
18,"Snedeker, Brandt",8820,-0.61,-0.499,0.144,1.751,0.721,The Memorial,2026-06-02
19,"Noren, Alex",10419,0.442,0.053,-0.156,-0.942,0.693,The Memorial,2026-06-02
20,"Hoge, Tom",15575,-0.241,2.068,2.137,-1.774,0.684,The Memorial,2026-06-02
21,"MacIntyre, Robert",23323,,,,-1.308,0.683,The Memorial,2026-06-02
22,"Aberg, Ludvig",23950,,,,0.81,0.649,The Memorial,2026-06-02
23,"Novak, Andrew",23475,0.398,0.297,0.311,1.749,0.614,The Memorial,2026-06-02
24,"Cole, Eric",21756,0.169,0.635,,,0.609,The Memorial,2026-06-02
25,"Meissner, Mac",28159,0.368,2.662,-0.181,-1.286,0.587,The Memorial,2026-06-02
26,"Theegala, Sahith",23014,1.139,-1.083,3.0,-1.709,0.584,The Memorial,2026-06-02
27,"Horschel, Billy",11276,-0.303,1.45,0.681,-0.614,0.564,The Memorial,2026-06-02
28,"English, Harris",14577,0.69,0.05,0.118,0.241,0.522,The Memorial,2026-06-02
29,"Stevens, Sam",25569,1.091,-0.263,,-2.019,0.51,The Memorial,2026-06-02
30,"Bhatia, Akshay",26096,0.18,-0.543,0.414,0.698,0.443,The Memorial,2026-06-02
31,"Campbell, Brian",18628,-0.362,-0.164,-0.553,0.74,0.44,The Memorial,2026-06-02
32,"Lee, Min Woo",16841,0.991,,,0.652,0.367,The Memorial,2026-06-02
33,"Hojgaard, Nicolai",23602,1.724,,,1.864,0.357,The Memorial,2026-06-02
34,"Hisatsune, Ryo",22760,-0.188,,0.904,0.05,0.252,The Memorial,2026-06-02
35,"Day, Jason",9771,0.639,0.186,-0.061,-0.401,0.245,The Memorial,2026-06-02
36,"Clark, Wyndham",23604,0.067,0.126,,-0.177,0.095,The Memorial,2026-06-02
37,"Straka, Sepp",17511,0.357,,-2.327,-1.277,0.062,The Memorial,2026-06-02
38,"Gerard, Ryan",29767,-0.474,-0.613,-0.674,-1.379,0.028,The Memorial,2026-06-02
39,"Lowry, Shane",13900,0.903,1.084,-0.133,0.096,0.002,The Memorial,2026-06-02
40,"Spieth, Jordan",14636,0.156,-0.106,-0.138,-1.155,0.001,The Memorial,2026-06-02
41,"Hall, Harry",27194,0.145,,,1.128,-0.007,The Memorial,2026-06-02
42,"Coody, Pierceson",28309,-0.787,-0.406,-0.126,2.262,-0.025,The Memorial,2026-06-02
43,"Cantlay, Patrick",15466,0.15,-0.009,,0.478,-0.03,The Memorial,2026-06-02
44,"Echavarria, Nico",22833,0.739,,,0.57,-0.034,The Memorial,2026-06-02
45,"McCarthy, Denny",19870,1.117,-0.299,-0.723,-0.085,-0.093,The Memorial,2026-06-02
46,"Gotterup, Chris",27774,0.723,,,0.668,-0.1,The Memorial,2026-06-02
47,"Fitzpatrick, Matt",17646,-0.015,0.518,,-0.226,-0.126,The Memorial,2026-06-02
48,"Fleetwood, Tommy",12294,-0.226,-0.203,-0.104,0.735,-0.165,The Memorial,2026-06-02
49,"Burns, Sam",19483,0.314,0.084,-1.161,-0.181,-0.193,The Memorial,2026-06-02
50,"Berger, Daniel",17606,0.417,-0.07,-0.175,0.49,-0.22,The Memorial,2026-06-02
51,"Bradley, Keegan",13872,-0.116,-0.259,-0.073,-0.07,-0.289,The Memorial,2026-06-02
52,"Fox, Ryan",11889,-1.647,-0.232,-0.141,-1.625,-0.348,The Memorial,2026-06-02
53,"Scheffler, Scottie",18417,-0.021,-0.257,-0.241,0.123,-0.378,The Memorial,2026-06-02
54,"Finau, Tony",11676,0.242,0.04,,0.944,-0.385,The Memorial,2026-06-02
55,"McNealy, Maverick",18634,-0.282,-0.338,-0.17,-0.147,-0.482,The Memorial,2026-06-02
56,"Hubbard, Mark",16333,0.303,0.499,-0.145,-0.183,-0.513,The Memorial,2026-06-02
57,"Conners, Corey",17576,-0.046,-0.44,-0.236,0.292,-0.605,The Memorial,2026-06-02
58,"Vegas, Jhonattan",13508,1.599,-0.781,-1.158,0.355,-0.662,The Memorial,2026-06-02
59,"Harman, Brian",8825,-0.103,-0.306,-0.017,0.199,-0.708,The Memorial,2026-06-02
60,"Matsuyama, Hideki",13562,-0.098,-0.167,-0.1,-3.303,-0.877,The Memorial,2026-06-02
61,"Im, Sungjae",17488,-0.572,,,1.591,-0.912,The Memorial,2026-06-02
62,"Rose, Justin",6093,-0.876,-0.04,-0.48,-0.385,-1.184,The Memorial,2026-06-02
63,"Pendrith, Taylor",17780,-3.205,-1.887,-1.982,0.285,-1.43,The Memorial,2026-06-02
64,"Fowler, Rickie",12965,-1.407,-0.916,-0.13,1.579,-1.448,The Memorial,2026-06-02
65,"Kuchar, Matt",6169,-0.687,-0.602,-0.488,-0.811,-1.455,The Memorial,2026-06-02
66,"Bridgeman, Jacob",29433,-0.338,-0.614,0.04,-1.056,-1.47,The Memorial,2026-06-02
67,"Henley, Russell",14578,-0.324,-0.167,-0.151,,-1.63,The Memorial,2026-06-02
68,"Glover, Lucas",7399,-3.67,-1.343,0.014,0.248,-1.85,The Memorial,2026-06-02
69,"Rodgers, Patrick",16283,-3.249,-0.769,-0.56,0.643,-5.886,The Memorial,2026-06-02
70,"Rai, Aaron",18554,0.083,-0.037,,,,The Memorial,2026-06-02
71,"Schauffele, Xander",19895,,-0.163,,-2.132,,The Memorial,2026-06-02
72,"McIlroy, Rory",10091,,,,-1.253,,The Memorial,2026-06-02
